{
  "nested importance sampling global log-evidence": -8.406421372775064, 
  "global evidence": -8.406421372775064, 
  "modes": [
    {
      "index": 0, 
      "local log-evidence": -8.406421372775064, 
      "strictly local log-evidence": -8.406421372775064, 
      "local log-evidence error": 0.10455915785565754, 
      "maximum": [
        2.5004145797820745, 
        3.2449579314496093, 
        15.481870759272859, 
        -0.08841653300863372, 
        1.0, 
        5.745372511231684, 
        15.393454226264225, 
        2.8879304440369014, 
        3.7600201741712085, 
        2.4783990646847758, 
        1.3167004905863162, 
        0.7163535940420348
      ], 
      "maximum a posterior": [
        2.5004145797820745, 
        3.2449579314496093, 
        15.481870759272859, 
        -0.08841653300863372, 
        1.0, 
        5.745372511231684, 
        15.393454226264225, 
        2.8879304440369014, 
        3.7600201741712085, 
        2.4783990646847758, 
        1.3167004905863162, 
        0.7163535940420348
      ], 
      "sigma": [
        1.1752834182650158, 
        0.7785765893937266, 
        0.5384217585086711, 
        0.2728881891118822, 
        2.5809568279517847e-08, 
        0.6730246353819551, 
        0.3644114810990216, 
        9.633650864079433, 
        0.36455778743438483, 
        2.5681527311437472e+36, 
        0.3376429928722807, 
        1.0215284113909833e+34
      ], 
      "strictly local log-evidence error": 0.10455915785565754, 
      "mean": [
        3.543734576523169, 
        2.0493348793280775, 
        16.138215665626834, 
        -0.4847366710419392, 
        0.9999999999999993, 
        5.593069455851237, 
        15.653478994584901, 
        2.9046737178230173, 
        3.489503564284192, 
        4.265253696528447e+24, 
        1.267752368967057, 
        1.568595638919024e+22
      ]
    }
  ], 
  "nested importance sampling global log-evidence error": 0.10455915785565754, 
  "nested sampling global log-evidence": -8.098524760012106, 
  "marginals": [
    {
      "5sigma": [
        2.014421391599452, 
        6.497127259296647
      ], 
      "3sigma": [
        2.041579412620478, 
        6.48858958543731
      ], 
      "median": 3.1354141467881065, 
      "q90%": 6.407574397513647, 
      "q10%": 2.422697240206065, 
      "q25%": 2.642334196496255, 
      "q01%": 2.1355712724315303, 
      "q75%": 4.138250691308604, 
      "1sigma": [
        2.5001716662988054, 
        5.044556440534936
      ], 
      "2sigma": [
        2.2340899723608265, 
        6.2848774047419775
      ], 
      "q99%": 6.407574397513647, 
      "sigma": 1.2721923871180651
    }, 
    {
      "5sigma": [
        0.9056129781719078, 
        3.4999540833173732
      ], 
      "3sigma": [
        1.0200954230652597, 
        3.493377702972192
      ], 
      "median": 1.972939287266209, 
      "q90%": 3.4551369679566886, 
      "q10%": 1.1208477558228178, 
      "q25%": 1.2505072719093617, 
      "q01%": 1.0417473826223065, 
      "q75%": 2.741766872894221, 
      "1sigma": [
        1.156333808079003, 
        3.013428652711096
      ], 
      "2sigma": [
        1.060802450458715, 
        3.4106582076217493
      ], 
      "q99%": 3.4551369679566886, 
      "sigma": 0.9285474223160465
    }, 
    {
      "5sigma": [
        15.218602307169453, 
        18.53391523575797
      ], 
      "3sigma": [
        15.353768227340499, 
        18.03631574895911
      ], 
      "median": 16.03186358380523, 
      "q90%": 17.891066657412388, 
      "q10%": 15.559769621751743, 
      "q25%": 15.753291074564824, 
      "q01%": 15.401710135142773, 
      "q75%": 16.37488609462458, 
      "1sigma": [
        15.636481559069676, 
        16.602318731564154
      ], 
      "2sigma": [
        15.439949831407192, 
        17.775320364677185
      ], 
      "q99%": 17.891066657412388, 
      "sigma": 0.48291858624723893
    }, 
    {
      "5sigma": [
        -1.4597480929678224, 
        -9.196301909636015e-06
      ], 
      "3sigma": [
        -1.1757389974705732, 
        -0.004058835477085191
      ], 
      "median": -0.4694777927854483, 
      "q90%": -0.015159062154243511, 
      "q10%": -0.8825163246664633, 
      "q25%": -0.681914839414383, 
      "q01%": -1.0726730074596817, 
      "q75%": -0.26482742431460304, 
      "1sigma": [
        -0.7904394254865794, 
        -0.1792242409788264
      ], 
      "2sigma": [
        -1.0144659636470568, 
        -0.03868676955477131
      ], 
      "q99%": -0.015159062154243511, 
      "sigma": 0.3056075922538765
    }, 
    {
      "5sigma": [
        1.0, 
        1.0
      ], 
      "3sigma": [
        1.0, 
        1.0
      ], 
      "median": 1.0, 
      "q90%": 1.0, 
      "q10%": 1.0, 
      "q25%": 1.0, 
      "q01%": 1.0, 
      "q75%": 1.0, 
      "1sigma": [
        1.0, 
        1.0
      ], 
      "2sigma": [
        1.0, 
        1.0
      ], 
      "q99%": 1.0, 
      "sigma": 0.0
    }, 
    {
      "5sigma": [
        3.549631411375855, 
        7.910343587860322
      ], 
      "3sigma": [
        3.7186058366251835, 
        7.647582849605732
      ], 
      "median": 5.403517701321511, 
      "q90%": 7.521298717003565, 
      "q10%": 5.043803618563649, 
      "q25%": 5.17965324631308, 
      "q01%": 4.153759059040956, 
      "q75%": 5.745867755797035, 
      "1sigma": [
        5.111736931256565, 
        6.171880686425865
      ], 
      "2sigma": [
        4.727168823201034, 
        7.391473251605268
      ], 
      "q99%": 7.521298717003565, 
      "sigma": 0.5300718775846502
    }, 
    {
      "5sigma": [
        15.208566066577642, 
        17.378579113700518
      ], 
      "3sigma": [
        15.309137539733984, 
        17.369726598189025
      ], 
      "median": 15.562735652995082, 
      "q90%": 17.292802902593085, 
      "q10%": 15.398920515192504, 
      "q25%": 15.454438101828314, 
      "q01%": 15.342886579928642, 
      "q75%": 15.692236187885815, 
      "1sigma": [
        15.420827772014407, 
        15.774261914400295
      ], 
      "2sigma": [
        15.355569934048495, 
        17.149111111155918
      ], 
      "q99%": 17.292802902593085, 
      "sigma": 0.176717071192944
    }, 
    {
      "5sigma": [
        1.501080268948664, 
        4.3081448372686575
      ], 
      "3sigma": [
        2.0696193372687053, 
        3.740080589861495
      ], 
      "median": 2.908126298753915, 
      "q90%": 3.552148549151823, 
      "q10%": 2.540824135793557, 
      "q25%": 2.718092106618155, 
      "q01%": 2.2537294029154396, 
      "q75%": 3.086212172679321, 
      "1sigma": [
        2.6229594209092704, 
        3.1800245312322835
      ], 
      "2sigma": [
        2.365602933340582, 
        3.4610863087696258
      ], 
      "q99%": 3.552148549151823, 
      "sigma": 0.27853255516150655
    }, 
    {
      "5sigma": [
        1.3909709815273306, 
        5.044131443477615
      ], 
      "3sigma": [
        2.104110917854268, 
        4.4912792657871
      ], 
      "median": 3.5257759077329025, 
      "q90%": 4.2448055725242435, 
      "q10%": 3.0455673928410016, 
      "q25%": 3.2717369164339947, 
      "q01%": 2.3628902058157344, 
      "q75%": 3.7314803377376067, 
      "1sigma": [
        3.148237931866847, 
        3.832014997791709
      ], 
      "2sigma": [
        2.623822033777363, 
        4.105351755585045
      ], 
      "q99%": 4.2448055725242435, 
      "sigma": 0.3418885329624308
    }, 
    {
      "5sigma": [
        1.2117482657916798, 
        3.4092792449338014
      ], 
      "3sigma": [
        1.6288787191993073, 
        3.0868981056932037
      ], 
      "median": 2.470140315106305, 
      "q90%": 2.9818823258745937, 
      "q10%": 2.176202558871495, 
      "q25%": 2.3245894201516557, 
      "q01%": 1.8732965829171264, 
      "q75%": 2.6184484133203227, 
      "1sigma": [
        2.241717551485092, 
        2.690084292252627
      ],